Wall time,Step,Value
1500723523.6201463,500,0.503600001335144
1500723629.400867,1000,0.503600001335144
1500723735.0853927,1500,0.503600001335144
